anno,tavola,riga,colonna,valore
2024,copert,ALTRE,EURO 0,9
2024,copert,ALTRE,TOTALE,9
2024,copert,BENZINA,EURO 0,27097
2024,copert,BENZINA,EURO 1,6004
2024,copert,BENZINA,EURO 2,18534
2024,copert,BENZINA,EURO 3,24300
2024,copert,BENZINA,EURO 4,75594
2024,copert,BENZINA,EURO 5,40154
2024,copert,BENZINA,EURO 5B,17098
2024,copert,BENZINA,EURO 6,126456
2024,copert,BENZINA,EURO 6A,8
2024,copert,BENZINA,EURO 6B,26856
2024,copert,BENZINA,EURO 6C,1295
2024,copert,BENZINA,EURO 6D,2
2024,copert,BENZINA,NON DEFINITO,151
2024,copert,BENZINA,TOTALE,363549
2024,copert,BENZINA E GAS LIQUIDO,EURO 0,682
2024,copert,BENZINA E GAS LIQUIDO,EURO 1,210
2024,copert,BENZINA E GAS LIQUIDO,EURO 2,433
2024,copert,BENZINA E GAS LIQUIDO,EURO 3,395
2024,copert,BENZINA E GAS LIQUIDO,EURO 4,6622
2024,copert,BENZINA E GAS LIQUIDO,EURO 5,2292
2024,copert,BENZINA E GAS LIQUIDO,EURO 5B,1442
2024,copert,BENZINA E GAS LIQUIDO,EURO 6,8463
2024,copert,BENZINA E GAS LIQUIDO,EURO 6A,1
2024,copert,BENZINA E GAS LIQUIDO,EURO 6B,1436
2024,copert,BENZINA E GAS LIQUIDO,EURO 6C,22
2024,copert,BENZINA E GAS LIQUIDO,TOTALE,21998
2024,copert,BENZINA E METANO,EURO 0,51
2024,copert,BENZINA E METANO,EURO 1,19
2024,copert,BENZINA E METANO,EURO 2,58
2024,copert,BENZINA E METANO,EURO 3,49
2024,copert,BENZINA E METANO,EURO 4,855
2024,copert,BENZINA E METANO,EURO 5,603
2024,copert,BENZINA E METANO,EURO 5B,69
2024,copert,BENZINA E METANO,EURO 6,390
2024,copert,BENZINA E METANO,EURO 6A,1
2024,copert,BENZINA E METANO,EURO 6B,169
2024,copert,BENZINA E METANO,TOTALE,2264
2024,copert,ELETTRICITA,NON CONTEMPLATO,5388
2024,copert,ELETTRICITA,TOTALE,5388
2024,copert,GASOLIO,EURO 0,3352
2024,copert,GASOLIO,EURO 1,754
2024,copert,GASOLIO,EURO 2,3669
2024,copert,GASOLIO,EURO 3,12889
2024,copert,GASOLIO,EURO 4,29181
2024,copert,GASOLIO,EURO 5,22874
2024,copert,GASOLIO,EURO 5B,19249
2024,copert,GASOLIO,EURO 6,39358
2024,copert,GASOLIO,EURO 6A,6
2024,copert,GASOLIO,EURO 6B,25354
2024,copert,GASOLIO,EURO 6C,603
2024,copert,GASOLIO,EURO 6D,7
2024,copert,GASOLIO,EURO 6E,11
2024,copert,GASOLIO,NON DEFINITO,1
2024,copert,GASOLIO,TOTALE,157308
2024,copert,GASOLIO E GAS,EURO 4,1
2024,copert,GASOLIO E GAS,TOTALE,1
2024,copert,IBRIDO BENZINA,EURO 0,2
2024,copert,IBRIDO BENZINA,EURO 4,103
2024,copert,IBRIDO BENZINA,EURO 5,326
2024,copert,IBRIDO BENZINA,EURO 5B,849
2024,copert,IBRIDO BENZINA,EURO 6,50149
2024,copert,IBRIDO BENZINA,EURO 6B,3610
2024,copert,IBRIDO BENZINA,EURO 6C,390
2024,copert,IBRIDO BENZINA,TOTALE,55429
2024,copert,IBRIDO BENZINA GAS LIQUIDO,EURO 6,1
2024,copert,IBRIDO BENZINA GAS LIQUIDO,EURO 6B,1
2024,copert,IBRIDO BENZINA GAS LIQUIDO,TOTALE,2
2024,copert,IBRIDO GASOLIO,EURO 3,1
2024,copert,IBRIDO GASOLIO,EURO 5,11
2024,copert,IBRIDO GASOLIO,EURO 5B,24
2024,copert,IBRIDO GASOLIO,EURO 6,3672
2024,copert,IBRIDO GASOLIO,EURO 6B,6
2024,copert,IBRIDO GASOLIO,TOTALE,3714
2024,copert,METANO,EURO 0,5
2024,copert,METANO,EURO 2,3
2024,copert,METANO,EURO 3,7
2024,copert,METANO,EURO 4,67
2024,copert,METANO,EURO 5,53
2024,copert,METANO,EURO 5B,118
2024,copert,METANO,EURO 6,523
2024,copert,METANO,EURO 6B,49
2024,copert,METANO,TOTALE,825
2024,copert,NON DEFINITO,EURO 0,21
2024,copert,NON DEFINITO,EURO 2,1
2024,copert,NON DEFINITO,EURO 6B,1
2024,copert,NON DEFINITO,TOTALE,23
2024,copert,TOTALE,EURO 0,31219
2024,copert,TOTALE,EURO 1,6987
2024,copert,TOTALE,EURO 2,22698
2024,copert,TOTALE,EURO 3,37641
2024,copert,TOTALE,EURO 4,112423
2024,copert,TOTALE,EURO 5,66313
2024,copert,TOTALE,EURO 5B,38849
2024,copert,TOTALE,EURO 6,229012
2024,copert,TOTALE,EURO 6A,16
2024,copert,TOTALE,EURO 6B,57482
2024,copert,TOTALE,EURO 6C,2310
2024,copert,TOTALE,EURO 6D,9
2024,copert,TOTALE,EURO 6E,11
2024,copert,TOTALE,NON CONTEMPLATO,5388
2024,copert,TOTALE,NON DEFINITO,152
2024,copert,TOTALE,TOTALE,610510
2024,cilindrata,VARESE,FINO A 800,8952
2024,cilindrata,VARESE,801 - 1200,181920
2024,cilindrata,VARESE,1201 - 1600,289084
2024,cilindrata,VARESE,1601 - 1800,18469
2024,cilindrata,VARESE,1801 - 2000,74524
2024,cilindrata,VARESE,2001 - 2500,17774
2024,cilindrata,VARESE,2501 - 3000,9729
2024,cilindrata,VARESE,OLTRE 3000,4671
2024,cilindrata,VARESE,NON DEFINITO,5387
2024,cilindrata,VARESE,TOTALE,610510
2025,copert,ALTRE,EURO 0,9
2025,copert,ALTRE,TOTALE,9
2025,copert,BENZINA,EURO 0,27008
2025,copert,BENZINA,EURO 1,5824
2025,copert,BENZINA,EURO 2,17306
2025,copert,BENZINA,EURO 3,22508
2025,copert,BENZINA,EURO 4,71903
2025,copert,BENZINA,EURO 5,38950
2025,copert,BENZINA,EURO 5B,16545
2025,copert,BENZINA,EURO 6,133647
2025,copert,BENZINA,EURO 6A,10
2025,copert,BENZINA,EURO 6B,26276
2025,copert,BENZINA,EURO 6C,1269
2025,copert,BENZINA,EURO 6D,2
2025,copert,BENZINA,NON DEFINITO,150
2025,copert,BENZINA,TOTALE,361398
2025,copert,BENZINA E GAS LIQUIDO,EURO 0,670
2025,copert,BENZINA E GAS LIQUIDO,EURO 1,206
2025,copert,BENZINA E GAS LIQUIDO,EURO 2,427
2025,copert,BENZINA E GAS LIQUIDO,EURO 3,381
2025,copert,BENZINA E GAS LIQUIDO,EURO 4,6219
2025,copert,BENZINA E GAS LIQUIDO,EURO 5,2243
2025,copert,BENZINA E GAS LIQUIDO,EURO 5B,1383
2025,copert,BENZINA E GAS LIQUIDO,EURO 6,9943
2025,copert,BENZINA E GAS LIQUIDO,EURO 6A,1
2025,copert,BENZINA E GAS LIQUIDO,EURO 6B,1379
2025,copert,BENZINA E GAS LIQUIDO,EURO 6C,22
2025,copert,BENZINA E GAS LIQUIDO,TOTALE,22874
2025,copert,BENZINA E METANO,EURO 0,53
2025,copert,BENZINA E METANO,EURO 1,18
2025,copert,BENZINA E METANO,EURO 2,58
2025,copert,BENZINA E METANO,EURO 3,47
2025,copert,BENZINA E METANO,EURO 4,819
2025,copert,BENZINA E METANO,EURO 5,559
2025,copert,BENZINA E METANO,EURO 5B,68
2025,copert,BENZINA E METANO,EURO 6,389
2025,copert,BENZINA E METANO,EURO 6B,165
2025,copert,BENZINA E METANO,TOTALE,2176
2025,copert,ELETTRICITA,NON CONTEMPLATO,6919
2025,copert,ELETTRICITA,TOTALE,6919
2025,copert,GASOLIO,EURO 0,3330
2025,copert,GASOLIO,EURO 1,752
2025,copert,GASOLIO,EURO 2,3520
2025,copert,GASOLIO,EURO 3,11791
2025,copert,GASOLIO,EURO 4,26240
2025,copert,GASOLIO,EURO 5,20743
2025,copert,GASOLIO,EURO 5B,17458
2025,copert,GASOLIO,EURO 6,39360
2025,copert,GASOLIO,EURO 6A,6
2025,copert,GASOLIO,EURO 6B,24139
2025,copert,GASOLIO,EURO 6C,566
2025,copert,GASOLIO,EURO 6D,6
2025,copert,GASOLIO,EURO 6E,15
2025,copert,GASOLIO,NON DEFINITO,1
2025,copert,GASOLIO,TOTALE,147927
2025,copert,GASOLIO E GAS,EURO 3,1
2025,copert,GASOLIO E GAS,EURO 5B,1
2025,copert,GASOLIO E GAS,TOTALE,2
2025,copert,IBRIDO BENZINA,EURO 0,2
2025,copert,IBRIDO BENZINA,EURO 4,101
2025,copert,IBRIDO BENZINA,EURO 5,306
2025,copert,IBRIDO BENZINA,EURO 5B,801
2025,copert,IBRIDO BENZINA,EURO 6,64482
2025,copert,IBRIDO BENZINA,EURO 6B,3512
2025,copert,IBRIDO BENZINA,EURO 6C,388
2025,copert,IBRIDO BENZINA,EURO 6E,3
2025,copert,IBRIDO BENZINA,TOTALE,69595
2025,copert,IBRIDO BENZINA GAS LIQUIDO,EURO 6,10
2025,copert,IBRIDO BENZINA GAS LIQUIDO,EURO 6B,2
2025,copert,IBRIDO BENZINA GAS LIQUIDO,TOTALE,12
2025,copert,IBRIDO BENZINA METANO,EURO 5,1
2025,copert,IBRIDO BENZINA METANO,TOTALE,1
2025,copert,IBRIDO GASOLIO,EURO 2,1
2025,copert,IBRIDO GASOLIO,EURO 3,2
2025,copert,IBRIDO GASOLIO,EURO 4,1
2025,copert,IBRIDO GASOLIO,EURO 5,17
2025,copert,IBRIDO GASOLIO,EURO 5B,28
2025,copert,IBRIDO GASOLIO,EURO 6,4599
2025,copert,IBRIDO GASOLIO,EURO 6B,9
2025,copert,IBRIDO GASOLIO,TOTALE,4657
2025,copert,METANO,EURO 0,5
2025,copert,METANO,EURO 2,3
2025,copert,METANO,EURO 3,5
2025,copert,METANO,EURO 4,61
2025,copert,METANO,EURO 5,51
2025,copert,METANO,EURO 5B,121
2025,copert,METANO,EURO 6,524
2025,copert,METANO,EURO 6B,50
2025,copert,METANO,TOTALE,820
2025,copert,NON DEFINITO,EURO 0,21
2025,copert,NON DEFINITO,EURO 2,1
2025,copert,NON DEFINITO,EURO 6B,1
2025,copert,NON DEFINITO,TOTALE,23
2025,copert,TOTALE,EURO 0,31098
2025,copert,TOTALE,EURO 1,6800
2025,copert,TOTALE,EURO 2,21316
2025,copert,TOTALE,EURO 3,34735
2025,copert,TOTALE,EURO 4,105344
2025,copert,TOTALE,EURO 5,62870
2025,copert,TOTALE,EURO 5B,36405
2025,copert,TOTALE,EURO 6,252954
2025,copert,TOTALE,EURO 6A,17
2025,copert,TOTALE,EURO 6B,55533
2025,copert,TOTALE,EURO 6C,2245
2025,copert,TOTALE,EURO 6D,8
2025,copert,TOTALE,EURO 6E,18
2025,copert,TOTALE,NON CONTEMPLATO,6919
2025,copert,TOTALE,NON DEFINITO,151
2025,copert,TOTALE,TOTALE,616413
2025,cilindrata,VARESE,FINO A 800,8784
2025,cilindrata,VARESE,801 - 1200,190712
2025,cilindrata,VARESE,1201 - 1600,287047
2025,cilindrata,VARESE,1601 - 1800,17824
2025,cilindrata,VARESE,1801 - 2000,73512
2025,cilindrata,VARESE,2001 - 2500,17329
2025,cilindrata,VARESE,2501 - 3000,9526
2025,cilindrata,VARESE,OLTRE 3000,4761
2025,cilindrata,VARESE,NON DEFINITO,6918
2025,cilindrata,VARESE,TOTALE,616413
