anno,territorio,autovetture,fonte
2009,Varese,546308,archivio
2010,Varese,551666,archivio
2011,Varese,559646,archivio
2012,Varese,561207,archivio
2013,Varese,561885,archivio
2014,Varese,566394,archivio
2015,Varese,571230,archivio
2016,Varese,577754,archivio
2017,Varese,584488,archivio
2018,Varese,590455,archivio
2019,Varese,595021,archivio
2020,Varese,596951,archivio
2020,Lombardia,6231939,archivio
2020,Italia,39717874,archivio
2021,Varese,595105,archivio
2021,Lombardia,6222101,archivio
2021,Italia,39822723,archivio
2022,Varese,598298,archivio
2022,Lombardia,6272187,archivio
2022,Italia,40213061,archivio
2023,Varese,606032,archivio
2023,Lombardia,6374904,archivio
2023,Italia,40915229,archivio
2024,Varese,610510,aci
2024,Como,418799,aci
2024,Sondrio,121596,aci
2024,Milano,1854745,aci
2024,Bergamo,724724,aci
2024,Brescia,849305,aci
2024,Pavia,364661,aci
2024,Cremona,232982,aci
2024,Mantova,287811,aci
2024,Lecco,224713,aci
2024,Lodi,147373,aci
2024,Monza e della Brianza,589107,aci
2024,Lombardia,6426326,aci
2024,Italia,41340516,aci
2025,Varese,616413,aci
2025,Como,422769,aci
2025,Sondrio,122818,aci
2025,Milano,1874010,aci
2025,Bergamo,734764,aci
2025,Brescia,860480,aci
2025,Pavia,368891,aci
2025,Cremona,235273,aci
2025,Mantova,291484,aci
2025,Lecco,227024,aci
2025,Lodi,148844,aci
2025,Monza e della Brianza,595813,aci
2025,Lombardia,6498583,aci
2025,Italia,41795962,aci
