anno,territorio,popolazione,stato
2002,Varese,813090,
2003,Varese,818121,
2004,Varese,826337,
2005,Varese,835930,
2006,Varese,841082,
2007,Varese,848925,
2008,Varese,856315,
2009,Varese,863673,
2010,Varese,867890,
2011,Varese,873919,
2012,Varese,877956,
2013,Varese,882582,
2014,Varese,885120,
2015,Varese,885922,
2016,Varese,885308,
2017,Varese,884887,
2018,Varese,884919,
2019,Varese,885085,
2020,Varese,884876,
2021,Varese,880093,
2022,Varese,877668,
2023,Varese,879731,
2024,Varese,880257,
2025,Varese,882592,
2026,Varese,884801,e
2002,Lombardia,9033909,
2003,Lombardia,9082295,
2004,Lombardia,9173501,
2005,Lombardia,9299835,
2006,Lombardia,9370827,
2007,Lombardia,9431541,
2008,Lombardia,9517477,
2009,Lombardia,9603804,
2010,Lombardia,9670614,
2011,Lombardia,9746113,
2012,Lombardia,9811011,
2013,Lombardia,9877541,
2014,Lombardia,9929769,
2015,Lombardia,9954769,
2016,Lombardia,9958447,
2017,Lombardia,9970419,
2018,Lombardia,9986962,
2019,Lombardia,10010833,
2020,Lombardia,10027602,
2021,Lombardia,9981554,
2022,Lombardia,9943004,
2023,Lombardia,9976509,
2024,Lombardia,10012054,
2025,Lombardia,10033918,
2026,Lombardia,10065694,e
2002,Italia,56993270,
2003,Italia,57186378,
2004,Italia,57611990,
2005,Italia,58044368,
2006,Italia,58288996,
2007,Italia,58510725,
2008,Italia,59001769,
2009,Italia,59420592,
2010,Italia,59690316,
2011,Italia,59948497,
2012,Italia,60105185,
2013,Italia,60277309,
2014,Italia,60345917,
2015,Italia,60295497,
2016,Italia,60163712,
2017,Italia,60066734,
2018,Italia,59937769,
2019,Italia,59816673,
2020,Italia,59641488,
2021,Italia,59236213,
2022,Italia,59030133,
2023,Italia,58997201,
2024,Italia,58971230,
2025,Italia,58943464,
2026,Italia,58942828,e
